{"cameraMode":{"drawMode":0,"name":"Shaded","section":"Shading Mode"},"sceneLighting":true,"audioPlay":false,"sceneViewState":{"m_AlwaysRefresh":false,"showFog":true,"showSkybox":true,"showFlares":true,"showImageEffects":true,"showParticleSystems":true,"showVisualEffectGraphs":true,"m_FxEnabled":true},"in2DMode":false,"pivot":{"x":25.450698852539064,"y":0.8542423248291016,"z":46.724029541015628},"rotation":{"x":-0.05697563290596008,"y":0.3744911253452301,"z":-0.023050688207149507,"w":-0.9251993298530579},"size":49.71636199951172,"orthographic":false}