{"cameraMode":{"drawMode":0,"name":"Shaded","section":"Shading Mode"},"sceneLighting":false,"audioPlay":false,"sceneViewState":{"m_AlwaysRefresh":false,"showFog":true,"showSkybox":false,"showFlares":true,"showImageEffects":true,"showParticleSystems":true,"showVisualEffectGraphs":true,"m_FxEnabled":true},"in2DMode":false,"pivot":{"x":-12.588521957397461,"y":9.788045883178711,"z":5.352803707122803},"rotation":{"x":-0.061393190175294879,"y":-0.04727550223469734,"z":0.0029050058219581844,"w":-0.9969918131828308},"size":0.2866029143333435,"orthographic":false}